시점,종로구,종로구,중구,중구,용산구,용산구,성동구,성동구,광진구,광진구,동대문구,동대문구,중랑구,중랑구,성북구,성북구,강북구,강북구,도봉구,도봉구,노원구,노원구,은평구,은평구,서대문구,서대문구,마포구,마포구,양천구,양천구,강서구,강서구,구로구,구로구,금천구,금천구,영등포구,영등포구,동작구,동작구,관악구,관악구,서초구,서초구,강남구,강남구,송파구,송파구,강동구,강동구
시점,남자인구수 (명),여자인구수 (명),남자인구수 (명),여자인구수 (명),남자인구수 (명),여자인구수 (명),남자인구수 (명),여자인구수 (명),남자인구수 (명),여자인구수 (명),남자인구수 (명),여자인구수 (명),남자인구수 (명),여자인구수 (명),남자인구수 (명),여자인구수 (명),남자인구수 (명),여자인구수 (명),남자인구수 (명),여자인구수 (명),남자인구수 (명),여자인구수 (명),남자인구수 (명),여자인구수 (명),남자인구수 (명),여자인구수 (명),남자인구수 (명),여자인구수 (명),남자인구수 (명),여자인구수 (명),남자인구수 (명),여자인구수 (명),남자인구수 (명),여자인구수 (명),남자인구수 (명),여자인구수 (명),남자인구수 (명),여자인구수 (명),남자인구수 (명),여자인구수 (명),남자인구수 (명),여자인구수 (명),남자인구수 (명),여자인구수 (명),남자인구수 (명),여자인구수 (명),남자인구수 (명),여자인구수 (명),남자인구수 (명),여자인구수 (명)
2014.03,79153,80398,65029,64911,116309,123072,149232,150184,181376,186949,182569,180998,209437,209038,234031,241920,166477,170733,176633,181103,287263,300880,245964,256124,153228,160797,184701,197285,244094,247332,279003,289540,214094,212818,123153,117371,193511,192482,202360,208915,262185,255598,214053,229619,271343,293959,328684,343612,240832,241375
2014.04,78943,80366,64922,64818,116127,122874,149265,150337,181154,186739,182453,180878,209237,208843,233642,241636,166297,170500,176466,180937,287026,300697,245801,255960,153218,160746,184693,197309,243958,247285,278899,289654,214301,213090,122965,117316,193532,192531,202360,208834,262211,255479,213806,229424,272032,294722,328202,343229,240526,241073
2014.05,78821,80269,64842,64801,116034,122886,149203,150318,180923,186468,182255,180707,209132,208854,233288,241269,166279,170445,176232,180658,286656,300441,245655,255893,153172,160676,184575,197363,243804,247207,278811,289663,214438,213146,122865,117314,193398,192604,202416,208953,261951,255363,213802,229551,272775,295503,327978,342999,240192,240886
2014.06,78678,80143,64745,64685,115857,122666,149082,150246,180666,186273,181956,180457,209176,208982,232703,240656,166282,170607,176032,180567,286259,300172,245528,255843,153016,160522,184228,197003,243311,246755,279927,290997,214471,213383,122662,117161,193218,192436,202200,208769,261623,255125,214062,229878,272991,295876,327710,342833,240008,240797
2014.07,78394,79990,64638,64598,115651,122400,148906,150133,180365,185943,181666,180200,209472,209282,232137,240197,166214,170653,175741,180290,286013,299979,245239,255606,152825,160391,183863,196639,242586,246153,281951,293082,214476,213399,122584,117076,192909,192161,201959,208593,261331,254772,214625,230563,273642,296689,327287,342586,239638,240425
2014.08,78297,79870,64496,64512,115448,122204,148602,149818,180063,185803,181440,179977,209804,209665,231537,239711,166113,170551,175593,180159,285755,299731,244902,255359,152590,160272,183800,196456,242090,245702,284135,295415,214297,213225,122398,116961,192565,191811,201725,208309,260978,254441,215635,231550,274658,297828,326770,341902,239234,240086
2014.09,78253,79814,64465,64465,115240,122062,148356,149596,179774,185582,181952,180516,209757,209706,231086,239240,165873,170456,175406,179866,285592,299680,244699,255270,152540,160212,183631,196459,241759,245594,285139,296533,214241,213250,122282,116949,192396,191596,201507,208040,260830,254208,216166,232121,275223,298533,326456,341555,238945,239790
2014.1,78077,79697,64425,64361,114974,121801,147966,149185,179424,185201,182420,181047,209708,209714,230443,238590,165608,170190,175147,179668,285365,299444,244452,255158,152083,159678,184525,197470,241512,245355,285921,297539,213743,213081,122149,116807,192106,191373,201120,207685,260402,253931,216682,232868,275964,299232,325768,340824,238563,239463
2014.11,77900,79539,64290,64164,114716,121532,147699,149006,179023,184869,182546,181228,209608,209764,229841,238155,165449,170072,174939,179471,284941,298984,244193,254906,151662,159294,185583,198670,241352,245312,286361,298024,213486,212914,122028,116733,191698,191086,200782,207436,259887,253646,216694,232927,276699,299980,325436,340325,238175,239131
2014.12,77621,79372,64033,64032,114578,121373,147363,148723,178738,184616,182510,181177,209323,209513,229205,237501,165223,169802,174554,179155,284225,298327,243977,254667,151338,159038,186177,199262,241020,245201,286644,298516,213213,212618,121878,116585,191464,190888,200328,207142,259631,253555,216740,232938,277267,300847,324902,339836,237816,238781
2015.01,77527,79229,63958,64003,114475,121363,147267,148692,178575,184607,182402,181042,209221,209408,229011,237343,165213,169782,174417,179092,283961,298099,244110,254792,151010,158925,186682,199995,241154,245405,286951,299000,213113,212566,121880,116693,191626,191108,200217,207123,259700,253760,216947,233443,277743,301247,324911,339798,237452,238477
2015.02,77378,79196,63948,63999,114456,121423,147218,148648,178594,184676,182391,181206,209082,209288,229033,237385,165095,169766,174288,179090,283801,297923,244241,255079,150751,158773,187252,200714,241177,245350,287114,299439,212927,212567,121845,116670,191635,191081,200146,206996,259857,253948,216994,233510,277983,301739,325051,339973,236783,237727
2015.03,77431,79214,63890,63953,114406,121317,147211,148690,178432,184704,182466,181301,208950,209300,228825,237403,164899,169683,174217,179079,283520,297576,244332,255284,150562,158681,187415,200860,241080,245234,287392,299842,212975,212886,121826,116693,191554,191111,200338,207275,260071,254148,216158,232794,277365,300996,325100,340171,235632,236745
2015.04,77333,79077,63771,63857,114344,121251,147358,148826,178331,184553,182360,181281,209043,209487,228403,237062,164752,169508,174262,179185,283281,297369,244289,255270,150533,158515,187564,201043,241018,245195,287602,300081,212923,212869,121823,116737,191418,191135,200254,207266,260102,254141,215469,232281,276874,300543,325089,340052,234420,235689
2015.05,77204,78870,63497,63694,114254,121188,147891,149406,178164,184458,182194,181062,208991,209483,227967,236771,164582,169383,174206,179203,282981,297061,244245,255246,150210,158228,187945,201713,240999,245151,287687,300309,212785,212848,121758,116706,191161,190978,200062,207210,259738,253871,215109,231962,276363,300053,325041,340103,233575,234827
2015.06,76962,78733,63292,63525,114119,121067,148265,149880,177946,184251,181825,180779,208657,209319,227676,236500,164304,169219,174075,179209,282601,296723,244160,255239,149921,157922,187989,201948,240817,244983,287809,300750,212482,212806,121752,116615,190907,190740,199601,206935,259364,253557,215100,231976,276091,299821,324817,339987,232242,233592
2015.07,76771,78651,63138,63395,113936,121000,148272,149943,177739,184201,181551,180498,208160,209014,227318,236179,164161,169020,173965,179119,282333,296583,244041,255216,149846,157711,187947,201997,240766,244904,288041,300993,212208,212677,121648,116578,190689,190594,199116,206520,258994,253299,215281,232235,276821,300416,324489,339687,231319,232674
2015.08,76711,78554,63005,63334,113802,120780,148246,149956,177490,183997,181389,180291,207702,208556,226828,235955,163874,168847,173773,178911,281882,296251,244186,255575,149598,157512,187808,201984,240683,244949,288310,301157,211858,212507,121506,116458,190459,190329,198511,205921,258810,253094,215446,232528,276928,300452,324258,339440,230734,232062
2015.09,76822,78686,62977,63280,113654,120693,148236,150013,177347,183826,181184,180246,207315,208159,226520,235629,163694,168672,173660,178814,281457,295977,244019,255649,149470,157422,187783,202005,240458,244854,288440,301253,211490,212320,121313,116292,190286,190154,197952,205393,258593,252990,215443,232481,276656,300100,324066,339181,230345,231758
2015.1,76750,78683,62975,63262,113467,120431,148082,149896,177208,183677,180972,180171,206972,207801,226060,235328,163463,168398,173401,178692,281165,295656,243820,255601,149435,157246,187575,202066,240317,244778,288224,301285,211165,212128,121079,116043,189953,189720,197344,204834,258298,252691,215412,232538,277036,300546,323624,338771,229768,231220
2015.11,76722,78599,62840,63194,113419,120310,147862,149686,177069,183594,180786,179892,206831,207655,225545,234879,163227,168133,173206,178408,280739,295230,243439,255251,150888,158863,187083,201636,240369,244772,288073,301184,210852,212005,120867,115848,189649,189399,196889,204484,257762,252369,215065,232232,276895,300482,323133,338419,229272,230591
2015.12,76548,78438,62687,63046,113177,120165,147570,149433,176884,183485,180485,179668,206505,207404,224980,234295,162967,167906,173029,178213,279987,294596,242975,254945,152008,160133,186495,201148,239995,244537,287947,301127,210440,211652,120604,115680,189394,189110,196463,204178,257491,252172,214737,232027,276425,300070,322441,337861,228709,229949
2016.01,76459,78397,62623,62979,113012,120057,147437,149451,176639,183493,180400,179621,206499,207345,224666,234189,162783,167765,172924,178143,279548,294236,242768,254857,152584,160776,186226,201059,239869,244376,288135,301596,210312,211681,120469,115682,189411,189145,196444,204174,257578,252532,214536,231888,276122,299967,322181,337678,228272,229553
2016.02,76522,78428,62561,62994,112884,119985,147283,149414,176542,183602,180297,179581,206419,207261,224552,234179,162604,167684,172737,178029,279611,294223,242512,254597,153182,161623,186144,201094,239577,244154,288281,301892,210279,211583,120312,115593,189408,189170,196555,204346,257851,252711,214254,231665,275758,299728,321250,336771,227602,228977
2016.03,76593,78549,62653,63112,112719,119965,147198,149377,176451,183632,180230,179634,206344,207261,224361,234089,162445,167613,172571,177955,279821,294243,242160,254499,153651,162127,185997,200947,239159,243786,288609,302240,210236,211676,120200,115534,189275,189170,196713,204537,258237,252750,214122,231484,274839,298805,320641,336189,226878,228311
2016.04,76474,78445,62684,63102,112651,119892,147201,149393,176336,183563,180036,179452,206317,207331,224078,233950,162293,167570,172486,177830,279736,294319,241800,254270,153910,162365,185560,200648,238846,243493,288680,302525,210016,211521,120140,115507,189219,189095,196876,204625,258173,252621,214008,231343,274243,298132,320365,335858,226184,227817
2016.05,76302,78324,62534,63046,112587,119802,147462,149733,176138,183356,179720,179203,206281,207340,223695,233669,162051,167366,172517,177841,279687,294209,241610,254063,153781,162436,185262,200337,238591,243310,288780,302794,209951,211563,120063,115459,189068,188903,196959,204811,258114,252516,213882,231341,273734,297711,320005,335616,225304,226957
2016.06,76126,78239,62458,62999,112538,119797,147650,149908,175937,183373,179387,178831,206215,207185,223363,233432,161924,167306,172381,177811,279247,293909,241389,253923,153702,162499,184916,200074,238479,243391,288836,302756,209835,211656,119927,115395,188697,188503,197011,205032,257975,252358,214101,231581,273630,297700,319871,335616,224607,226319
2016.07,76021,78180,62439,63015,112517,119725,147641,149977,175843,183274,179090,178563,205937,206999,222784,232940,161829,167245,172118,177634,278789,293487,241170,253823,153452,162369,184598,199924,238365,243344,288546,302559,209723,211455,119822,115322,188238,188099,196961,204962,257964,252312,214254,231705,273382,297500,319792,335844,224188,225953
2016.08,75881,78080,62529,63113,112343,119514,147685,150020,175731,183188,178763,178264,205717,206672,222190,232418,161748,167172,171889,177526,278279,293204,240815,253613,153125,162161,184166,199577,238234,243364,288914,303046,209227,211062,119606,115134,187652,187583,196955,204993,257727,251998,214156,231745,273173,297248,319547,335762,223384,225218
2016.09,75744,78049,62517,63118,112231,119297,147613,150002,175660,183084,178553,178138,205634,206589,221693,231991,161587,167052,171790,177444,277944,292870,240579,253459,152946,162034,183865,199159,238028,243183,289375,303647,208911,210867,119414,114978,187010,186943,197045,205184,257459,251702,214471,232163,272872,297089,319578,335849,222989,224892
2016.1,75631,77950,62490,63220,111941,119074,147234,149721,175418,182844,178340,177946,205482,206506,221238,231601,161345,166746,171735,177458,277500,292492,240208,253141,152812,161966,183304,198644,237599,242740,289776,304200,208536,210556,119197,114805,186426,186408,196988,205226,257025,251422,214841,232639,272754,296857,319981,336507,222206,224115
2016.11,75450,77782,62370,63202,111776,118817,147340,149870,175091,182635,177996,177804,205299,206360,220699,231082,161071,166502,171522,177294,276974,291984,239804,252784,152635,161752,182821,198196,236911,242086,290282,304791,208170,210310,119073,114638,185855,185941,196702,205109,256604,251093,214868,232697,272250,296166,320511,337051,221731,223582
2016.12,75201,77536,62204,63045,111601,118640,148326,150933,174797,182418,177640,177429,204900,206105,219951,230404,160861,166334,171238,176982,276333,291248,239183,252293,152510,161684,182162,197730,236290,241449,290478,305007,207667,209884,119885,115501,185200,185413,196267,204730,256143,250708,214673,232519,271604,295511,320557,337274,221118,223050
2017.01,75034,77371,62087,62889,111436,118561,149152,151888,174759,182544,177406,177231,204709,206022,219657,230051,160672,166286,170992,176865,275994,290808,239031,252133,152578,161877,181797,197567,236118,241287,290728,305381,207584,209812,120257,115867,184827,185212,195964,204688,256064,250806,214637,232505,271492,295585,321187,337970,221583,223527
2017.02,75035,77363,61930,62784,111386,118409,149857,152755,174763,182634,177233,177170,204560,205857,219636,230369,160389,166145,170722,176636,275311,290381,238778,251903,152733,162241,181482,197492,235725,240989,290981,305585,207261,209505,120351,115951,184278,184786,195806,204782,256019,251114,214593,232506,271193,295397,321750,338926,223067,224893
2017.03,75611,77978,61656,62656,111167,118289,150076,153304,174599,182612,177021,177058,204265,205617,219545,230228,160353,166333,170289,176340,275211,290354,238337,251606,152613,162369,181346,197220,235278,240671,291249,305999,207114,209373,120334,116019,183705,184367,195775,204681,256090,251113,214036,231958,270726,294824,321676,338908,223488,225531
2017.04,75736,78201,61466,62606,110943,118119,150118,153458,174539,182722,176987,176911,204179,205561,219321,229959,160317,166396,170049,176112,274954,290122,238164,251577,152553,162357,181087,197279,235072,240473,291556,306380,206855,209241,120316,116089,183676,184361,195518,204583,255861,251044,213674,231800,270409,294476,321436,338879,223581,225672
2017.05,75896,78397,61432,62632,110885,117980,150153,153665,174496,182632,176682,176732,204173,205613,219047,229716,160131,166415,169867,176092,274556,289700,237773,251370,152448,162240,180970,197227,234569,240093,292176,307114,206554,208892,120324,116151,184162,184862,195252,204359,255601,251022,213267,231354,270144,294022,321569,339202,223651,225756
2017.06,75924,78484,61343,62627,110874,117987,150185,153864,174510,182742,176485,176546,204338,205928,218694,229410,160103,166460,169835,176110,273757,289024,237387,251003,152428,162350,180722,197069,234222,239961,292676,307647,206322,208749,120273,116093,184257,184917,195020,204318,255488,250844,212806,230980,269762,293686,321807,339411,223355,225598
2017.07,76084,78718,61325,62601,110793,117973,150246,153990,174531,182888,176291,176423,204469,206096,218490,229240,159883,166291,169714,176093,273052,288360,236991,250704,152329,162373,180595,196973,234136,239772,292924,307928,206051,208622,120104,116025,184183,184863,194962,204229,255264,250729,212479,230751,269558,293492,322035,339545,222550,224894
2017.08,76162,78873,61766,63027,110826,117994,150456,154329,174615,183185,176187,176204,204351,206095,218196,229041,159742,166230,169618,176069,272216,287566,236830,250591,152210,162357,180278,196785,233884,239525,293088,308194,205576,208183,119959,115965,183988,184670,194787,204115,255046,250685,212355,230689,269206,293010,322176,339830,221495,223847
2017.09,76155,78954,62011,63321,110838,118122,150523,154356,174534,183209,176022,175989,204232,205877,217785,228672,159528,166024,169388,175905,271619,286813,236870,250637,151961,162221,180037,196573,233489,239241,293024,308367,205174,207798,119738,115870,184060,184758,194549,203952,254784,250404,212189,230644,268592,292235,322029,339721,220064,222590
2017.1,76138,78965,62123,63322,110897,118221,150501,154327,174492,183173,175914,175818,204072,205683,217307,228287,159425,165949,169309,175837,270975,286282,236741,250614,151822,162115,179685,196229,233272,239072,292979,308453,204895,207527,119658,115828,184269,184766,194223,203688,254472,250177,211958,230472,268025,291482,322518,340404,218885,221564
2017.11,75999,78907,62194,63386,110859,118199,150448,154412,174483,183290,175584,175600,203704,205355,216893,227911,159239,165794,169139,175717,270218,285557,236581,250481,151448,161885,179324,196092,232884,238899,293017,308589,204489,207202,119600,115790,184256,184764,193776,203345,254056,249929,211561,230185,267104,290563,322887,340779,217602,220191
2017.12,75967,78803,62253,63456,110878,118283,150368,154440,174414,183289,175324,175323,203325,204901,216556,227499,158918,165561,168759,175407,269508,284895,236353,250441,151144,161656,178939,195976,232518,238636,292989,308702,204003,206739,119497,115657,183975,184575,193255,202962,253661,249636,211236,229866,266442,289722,323147,341349,216777,219446
2018.01,75854,78765,62267,63519,111100,118441,150316,154639,174428,183357,175005,175113,203027,204704,216094,227203,158787,165501,168572,175303,268939,284325,236140,250411,151028,161627,178870,195908,232224,238460,292964,308789,203580,206252,119449,115601,184145,184765,192817,202703,253711,249946,211271,229817,266129,289493,323320,341748,216308,219032
2018.02,75746,78763,62328,63617,111186,118584,150362,154838,174323,183377,174810,175091,202739,204398,215786,227041,158592,165416,168316,175091,268237,283802,235946,250285,151018,161607,178820,195974,232019,238271,292960,308890,202908,205721,119259,115377,184177,184822,192515,202384,253695,250124,211342,230018,265688,289084,323298,341981,216001,218709
2018.03,75749,78800,62376,63706,111262,118647,150937,155595,173946,183203,174476,174832,202526,204342,215421,226805,158440,165422,168009,174852,268144,283758,235674,250228,150793,161518,178661,196081,231409,237812,292871,308825,202731,205638,119023,115215,184127,185001,192215,202138,253911,250534,211156,229798,264834,288142,323228,342054,215588,218439
2018.04,75543,78769,62295,63691,111279,118660,151358,156102,173783,182974,174259,174657,202313,204181,215078,226540,158209,165151,167828,174700,267633,283345,235448,250124,150550,161349,178570,196085,231057,237482,292701,308624,202458,205432,118791,115018,184100,185083,192116,202133,253811,250626,210982,229592,263930,287210,323157,342162,215265,218248
2018.05,75421,78683,62353,63799,111238,118658,151409,156221,173435,182741,173973,174489,202067,204035,214710,226227,157935,164867,167642,174592,267218,282948,235176,249945,150310,161229,178518,196112,230624,237100,292295,308503,202189,205340,118679,114904,184040,185190,192231,202333,253624,250403,210799,229367,262714,286031,323307,342313,214934,218100
2018.06,75247,78533,62260,63772,111078,118599,151571,156495,173216,182532,174128,174775,201803,203748,214430,225842,157769,164616,167465,174463,266826,282539,234905,249737,150131,161149,178430,196261,230322,236829,291966,308291,202016,205219,118530,114733,183888,185115,192296,202492,253600,250448,210596,229248,261815,285137,323741,342698,214740,218009
2018.07,75111,78420,62191,63750,111004,118541,151711,156808,172953,182399,174581,175336,201592,203526,213907,225385,157465,164292,167306,174332,266317,282054,234523,249498,149875,160946,178318,196261,230084,236639,291473,308028,201853,205035,118472,114673,183678,185055,192425,202670,253487,250413,210157,228873,261318,284491,324043,343101,214411,217757
2018.08,75059,78342,62108,63694,110932,118516,151924,157113,172766,182343,174876,175711,201254,203397,213498,225121,157060,163910,167086,174166,265851,281673,234352,249421,149727,160866,178073,196174,229770,236497,291131,307628,201617,204852,118312,114478,183517,185106,192517,202954,253397,250443,209792,228453,260979,284106,323988,343163,213943,217419
2018.09,75024,78372,62063,63752,110861,118530,152006,157245,172678,182354,174863,175693,201089,203224,213159,224872,156829,163747,166926,173950,265555,281356,234119,249298,149728,160856,177973,196133,229619,236502,290908,307508,201362,204782,118311,114449,183471,185106,192523,202990,253377,250579,209418,227989,260599,283658,323832,343060,213528,217177
2018.1,74942,78354,62008,63795,110892,118479,151893,157254,172674,182467,174606,175528,200836,203058,212667,224557,156565,163529,166644,173704,265158,280950,234079,249394,149469,160611,178171,196427,229355,236202,290586,307237,201022,204591,118275,114369,183321,184978,192316,202922,253134,250389,208955,227322,260426,283481,323692,343094,212988,216746
2018.11,74881,78291,61960,63800,110834,118507,151711,157062,172816,182739,174109,175138,200623,202921,212215,224299,156264,163255,166371,173435,264616,280376,233954,249486,149553,160690,178284,196670,229070,235842,290377,307055,200676,204337,118809,114857,183224,184711,192181,203085,252514,249978,208299,226580,259765,282906,323466,342965,212345,216186
2018.12,74825,78240,61947,63778,110640,118359,151359,156862,172794,182765,173567,174485,200419,202790,211904,223964,156071,163093,166160,173253,263919,279833,233702,249495,149569,160744,178240,196837,228634,235551,290079,306870,200417,204080,118915,115002,183224,184554,192533,203670,252160,249797,207868,226083,259611,282753,323526,343109,211816,215757
2019.01,74700,78166,62025,63847,110652,118515,151071,156652,172712,182670,173171,174244,200252,202722,211557,223713,155900,162861,165839,172995,263324,279420,233800,249713,149822,160987,178181,197091,228272,235336,289907,306955,200131,203918,119001,115152,183263,184786,193074,204361,252073,249926,207687,225933,259553,282601,325474,345418,211381,215484
2019.02,74662,78218,62048,63947,110682,118597,150682,156382,172649,182738,173239,174220,199996,202620,211649,224105,155596,162672,165573,172800,262888,278912,234044,250026,150102,161598,178039,197333,227993,235110,289661,306941,199874,203794,119004,115153,183440,184997,193624,205061,252249,250186,207645,225920,259712,282629,327592,347858,210962,215216
2019.03,74536,78242,61992,63950,110626,118542,150287,156117,172361,182512,172784,173966,199730,202473,212830,225415,155075,162311,165314,172506,262593,278581,234064,250210,150103,161668,177872,197234,227678,234921,289454,306833,200367,204359,118913,115068,183493,185331,193622,205264,252307,250308,207206,225556,259510,282344,329046,349475,210371,214896
2019.04,74401,78094,61952,63961,110504,118436,149928,155857,172010,182334,172478,173834,199408,202138,213501,226253,154642,161962,165073,172273,261866,278018,233977,250290,149989,161597,177652,197172,227435,234691,289364,306869,200688,204828,118976,115197,183546,185328,193709,205409,252037,250214,206997,225339,259575,282533,329655,350169,210111,214616
2019.05,74240,77980,61940,63868,110486,118440,149718,155718,171900,182258,172425,173876,199140,201793,213590,226492,154356,161688,164926,172146,261428,277702,233723,250249,149823,161485,177584,197135,227140,234392,289201,306908,200593,204755,118913,115220,183598,185466,193600,205484,252016,250313,206695,225056,259616,282728,329569,350273,209865,214552
2019.06,74190,77836,62086,64057,110560,118562,149412,155524,171800,182078,172490,174011,198906,201755,213648,226749,154101,161486,164731,171967,260946,277404,233566,250164,149775,161440,177388,197034,226881,234170,288905,306697,200561,204854,118912,115167,183460,185557,193449,205436,251875,250214,206478,224882,259645,282853,329200,350047,209746,214489
2019.07,74113,77745,62212,64202,110619,118536,149082,155210,171454,181752,172446,174078,198454,201424,214002,227168,153827,161176,164502,171786,260292,276854,233224,249860,149494,161301,177010,196746,226599,234122,288645,306412,200648,205109,118786,115041,183326,185569,193251,205182,251975,250237,206406,225017,259625,282951,328786,349767,210327,215065
2019.08,74037,77729,62190,64222,110605,118512,148813,154917,171323,181679,172510,174139,198066,201129,214115,227388,153620,160918,164210,171591,259628,276292,232525,249331,149325,161152,176673,196527,226379,233996,288131,306168,200895,205464,118637,114937,183067,185499,193003,204923,252066,250327,206364,224989,259968,283254,328287,349415,210561,215392
2019.09,73952,77815,62161,64248,110478,118352,148510,154648,171103,181589,172440,174111,197927,200885,214094,227496,153356,160734,163953,171327,259204,276078,232383,249280,149061,161008,176863,196766,226091,233758,287751,305957,201077,205671,118471,114900,182913,185489,192829,204789,251923,250194,206185,224842,260305,283723,328073,349416,210593,215626
2019.1,73826,77715,62049,64221,110395,118199,148005,154193,170791,181413,172186,173966,197446,200492,214737,228263,153404,160785,163618,170935,258491,275413,232140,249078,148814,160823,176933,196919,225751,233395,287336,305694,201085,205804,118296,114721,182675,185377,192676,204463,251491,249750,206091,224710,260605,284107,327430,348898,212784,217900
2019.11,73811,77646,61994,64215,110309,118198,147641,153886,170452,181247,172158,174008,197117,200180,214727,228384,153443,160863,163309,170593,258292,275206,231914,248787,148620,160692,176958,197070,225520,233171,286885,305424,201156,205934,118251,114638,182543,185257,192354,204106,251238,249565,206017,224680,260695,284329,327185,348658,214047,219204
2019.12,73746,77544,61910,64261,110356,118314,147273,153616,170262,181088,172113,174081,196959,200056,214437,228213,153235,160719,163051,170311,257923,274982,231528,248504,148663,160734,176891,197144,225186,232979,286563,305233,200987,205677,118209,114601,182438,185240,191976,203987,251009,249085,206039,224787,260806,284363,327164,348797,215335,220732
2020.01,73688,77527,61946,64255,110701,118684,147020,153390,170164,181099,171964,174116,196803,199952,214247,228224,153058,160647,162701,170052,257746,274916,231171,248286,149114,161239,176782,197169,224995,232892,286309,305290,201065,205686,118299,114767,182504,185412,191772,203864,250931,248938,206112,224938,261190,284748,327261,349080,217545,223250
2020.02,73729,77580,61964,64295,110773,118904,146688,153109,170000,181032,171835,174237,196483,199831,214078,228405,152857,160432,162327,169756,257265,274575,230767,248238,149432,161895,176889,197426,224702,232630,285619,304800,200854,205391,118145,114682,183468,186640,191433,203768,250822,248765,206193,225143,261466,284970,326880,348902,220464,226423
2020.03,73704,77513,61839,64336,110667,118912,146300,152742,169568,180849,171896,174260,196076,199543,213926,228568,152747,160238,161879,169359,256726,274311,230147,247872,150051,162591,176943,197627,224241,232098,285085,304217,200558,205279,118044,114539,184316,187587,191272,203742,250743,248631,205787,224781,260654,284150,325859,348236,223189,229457
2020.04,73563,77373,61770,64356,110604,118765,145833,152416,169213,180803,171621,174172,195784,199288,213743,228431,152594,160097,161581,169126,256344,273958,230057,247916,150069,162740,176856,197570,224563,232569,284543,303738,200239,205032,117935,114461,184446,187779,191207,203781,250442,248536,205452,224277,259936,283304,325127,347735,224321,230721
2020.05,73407,77216,61747,64373,110537,118856,145567,152253,169049,180751,171565,174250,195693,199289,213614,228534,152333,159937,161195,168954,256045,273572,230062,247967,150058,162811,176985,197852,225084,233097,284115,303438,200098,204932,117899,114526,184535,188033,191281,203899,250628,248803,205264,224076,259158,282757,324643,347446,224869,231443
2020.06,73288,77095,61697,64395,110527,118904,145258,152139,168879,180695,171392,174201,195349,199065,213431,228381,152028,159745,160855,168705,255624,273263,230640,248884,149920,162800,176664,197726,224908,233045,283697,303239,200098,204977,117762,114488,184905,188444,191211,203954,250829,248911,205037,223882,258753,282480,324317,347195,225206,231958
2020.07,73214,76969,61644,64326,110438,118994,145030,151866,168766,180492,171134,174022,195227,199066,213033,228155,151707,159491,160465,168357,255127,272854,231384,249800,149674,162590,176437,197599,224608,232935,283343,302936,200163,205097,117567,114372,185156,188941,191063,203842,250825,248904,204766,223486,258624,282012,324307,347282,225170,232169
2020.08,73062,76900,61651,64339,110403,118959,144701,151482,168472,180175,170926,173724,195931,199857,212559,227836,151376,159179,160089,167925,254463,272255,231508,250221,149803,162829,176174,197446,224271,232709,282647,302273,200251,205244,117497,114516,185603,189530,190754,203364,250520,248796,204280,222957,258407,281741,324134,347178,225103,232227
2020.09,73024,76928,61526,64274,110604,119182,144444,151147,168095,179969,170748,173668,195981,200016,212151,227568,151117,158879,159723,167525,253797,271689,231364,250182,149993,163219,176011,197497,223889,232351,281951,301593,200268,205311,117489,114668,185800,189830,190422,203132,250084,248490,203686,222323,257961,281274,323646,346685,225396,232662
2020.1,72847,76856,61432,64209,110754,119290,144059,150836,167794,179821,170320,173499,195718,199854,211780,227193,150744,158501,159356,167261,253219,271296,231163,250002,149791,162990,175699,197206,223601,232048,281422,301164,200195,205286,117429,114744,186417,190507,189990,202684,249412,247670,203507,222051,258461,281666,322942,345978,225664,232831
2020.11,72741,76808,61363,64142,110776,119375,143745,150527,167626,179659,170088,173289,195469,199725,211289,226762,150423,158146,159076,167006,252792,270916,230763,249854,149505,162820,175423,196897,223217,231841,281033,300876,200063,205131,117364,114639,187061,191215,189527,202369,248857,247202,203493,221938,258333,281505,322663,345835,225631,232973
2020.12,72635,76749,61222,64018,110722,119318,143387,150169,167310,179372,169769,173068,195165,199537,210810,226343,150143,157912,158620,166637,252383,270654,230279,249556,149360,162813,175150,196740,222824,231427,280034,300151,199673,204735,117226,114507,187647,191833,189152,202068,248339,246721,203359,221767,257999,281232,322299,345661,226216,233754
2021.01,72528,76597,61122,63916,110700,119345,143151,149952,166964,179103,169337,172697,194990,199542,211123,226561,149822,157665,158103,166178,251763,270089,229827,249396,149211,162509,174958,196534,222417,230965,279458,299718,199243,204275,117141,114493,187960,192209,188743,201690,247853,246322,203097,221610,257647,280889,321948,345274,226893,234441
2021.02,72372,76512,61018,63818,110646,119467,142904,149633,166535,178713,169139,172617,194665,199268,211283,226678,149427,157212,157603,165828,250929,269437,229318,249018,148908,162224,174741,196459,222789,231481,279269,299813,198687,203955,116950,114340,188029,192414,188428,201326,247472,245902,202692,221137,257231,280648,320991,344472,228256,235952
2021.03,71644,75652,60851,63701,110181,118832,142506,149400,165747,177645,167895,170980,193752,198289,209902,224924,148306,155772,156810,164907,249942,268336,227910,247591,147655,160827,173624,194894,222010,230667,278444,298876,198034,203040,116322,113522,186692,190898,188045,200685,246097,244255,201619,219696,255880,278916,319047,342364,228609,236291
2021.04,71567,75546,60787,63690,110038,118717,142277,149257,165555,177451,167643,170837,193444,198058,209667,224716,148033,155589,156570,164657,249522,267895,227446,247397,147264,160561,174050,195527,221708,230404,278466,299114,197653,202746,116211,113428,186652,191044,188032,200640,245666,243798,201075,219243,255243,278336,318374,341786,228768,236563
2021.05,71204,75173,60106,63027,109494,118021,141358,148298,165461,177351,167463,170770,192923,197553,209407,224581,147824,155330,156282,164405,249029,267523,227496,247647,147056,160350,174194,195776,221431,230110,278408,299076,197398,202552,116292,113531,186564,191013,187942,200454,245552,243608,200485,218636,254558,277738,317981,341465,228812,236647
2021.06,70985,75044,60019,62997,108948,117430,141042,148120,165233,177248,167335,170705,192688,197284,209210,224448,147542,155103,156080,164285,248719,267278,227584,247787,146844,160226,174200,195932,221140,229852,278360,299159,197034,202232,116491,113677,186482,190939,187617,200230,245404,243396,200163,218244,254139,277236,317531,341139,228652,236557
2021.07,70810,74882,59945,63006,108709,117268,140811,147892,165039,177072,167252,170694,192355,197073,209004,224357,147237,154876,155869,164024,248250,266948,227339,247669,146724,160115,174291,195894,220815,229616,278142,298916,196713,202031,116699,113966,186432,190976,187614,200196,245370,243155,200107,218187,253799,276730,317209,340884,228642,236549
2021.08,70715,74836,59868,62984,108220,116757,140517,147697,164748,176757,167140,170717,192060,196851,208711,224104,146919,154511,155523,163688,247676,266374,226964,247450,146553,159919,174204,195849,220421,229182,277705,298656,196249,201638,116714,114045,186526,191129,187510,200048,245308,242996,199722,217846,254936,277882,317635,341356,228196,236215
2021.09,70666,74846,59853,63005,107801,116344,140290,147530,164553,176559,167083,170763,191832,196722,208592,224036,146613,154274,155212,163506,247118,265935,226833,247229,146388,159861,174119,195784,220075,228935,277388,298487,196027,201479,116588,114056,186414,191122,187286,199831,245220,242809,199068,217217,255264,278095,317784,341601,228002,236161
2021.1,70552,74794,59802,62979,107607,116106,139958,147216,164425,176389,166842,170696,191601,196617,208308,223773,146240,154038,154970,163329,246650,265479,226514,246855,146208,159632,173985,195710,219862,228772,277041,298329,195909,201421,116588,114152,186390,191134,186863,199383,244844,242513,198470,216613,255473,278405,317773,341466,227755,235997
2021.11,70393,74680,59743,62930,107486,115956,139709,146890,164212,176127,166591,170725,191305,196362,207979,223334,146000,153792,154794,163149,246182,265093,226555,246913,145990,159453,173725,195513,219606,228455,276624,298165,195741,201317,116574,114265,186047,191001,186710,199341,244367,242060,197606,215757,255319,278238,317596,341245,227436,235829
2021.12,70183,74500,59630,62869,107210,115743,139380,146610,164058,175938,166646,170754,191112,196238,207578,222950,145705,153477,154487,162879,246053,264903,226458,246849,145694,159125,173504,195401,219214,228088,276292,298023,195537,201217,116527,114284,185926,190911,186426,199057,243991,241708,197034,215245,255047,277995,317346,340992,227002,235662
2022.01,70117,74426,59510,62805,107050,115523,139135,146381,163993,176009,166657,170762,191221,196377,207333,222741,145500,153227,154326,162824,245896,264909,226269,246853,145759,159354,173323,195294,219023,227872,276132,297869,195351,201164,116487,114394,185964,190985,186452,199026,243967,241643,196611,214928,255107,278066,317556,341303,226892,235560
2022.02,70092,74483,59446,62721,106881,115532,138866,146271,164226,176268,166852,171029,191682,196924,208211,223681,145066,153008,154046,162585,245744,264783,225941,246699,146045,159748,173282,195278,218786,227692,275710,297821,195164,201057,116449,114407,185824,191060,186397,199093,244287,241922,196211,214471,255159,278127,318851,342601,226605,235367
2022.03,69911,74364,59448,62725,106735,115434,138847,146226,164346,176361,166823,171159,191835,197208,208691,224459,144643,152741,153716,162382,245663,264823,225640,246619,145958,159908,173073,195258,218554,227628,275422,297624,195002,201015,116568,114530,185696,191044,186648,199369,244409,241966,195806,214017,254866,277711,319407,343200,226203,235097
2022.04,69722,74283,59417,62670,106645,115364,138581,145992,164191,176205,166554,171016,191741,197200,208762,224569,144395,152547,153445,162077,245222,264436,226009,247122,145839,159882,172724,194889,218298,227364,275101,297547,194763,200792,116598,114552,185520,190945,186558,199424,244499,241862,195389,213529,254517,277532,319535,343428,226057,235171
2022.05,69638,74212,59368,62686,106666,115417,138373,145800,164091,175971,166447,170996,191575,197161,208802,224729,144228,152498,153252,161910,244807,264060,226182,247487,145681,159934,172574,194900,217920,227005,275199,297760,194518,200628,116756,114671,185354,190936,186455,199300,244628,242058,195056,213077,254347,277397,319461,343499,226062,235355
2022.06,69513,74111,59364,62724,106743,115520,138162,145659,163920,175973,166348,170982,191433,197076,208790,224769,144154,152499,153014,161777,244387,263679,226148,247526,145663,159960,172569,195015,217704,226844,275233,297812,194304,200546,116811,114754,185460,190977,186506,199392,244722,242224,194819,212853,254333,277444,319397,343564,226158,235472
2022.07,69463,74084,59360,62778,106743,115519,138046,145572,163882,175971,166236,170962,191193,197114,208745,224838,144107,152382,152937,161725,244138,263437,226065,247464,145711,160005,172551,194922,217475,226738,275140,297674,194211,200534,116766,114756,185518,191143,186466,199280,244925,242247,194627,212719,254498,277700,319423,343647,226179,235595
2022.08,69408,74091,59309,62651,106686,115544,138050,145553,163692,175875,166170,171063,190931,196909,208575,224811,143861,152212,152495,161340,243842,263234,225732,247222,145948,160305,172317,194873,217268,226579,274771,297459,193935,200311,116653,114703,185754,191541,186268,199111,245176,242453,194249,212316,254730,277770,319164,343435,226311,235798
2022.09,68652,73326,58812,62157,105385,113890,137351,144899,163038,175219,166051,171055,190115,196275,207715,224112,143219,151657,152019,160769,243071,262432,224424,245865,145374,159775,171345,193921,216359,225786,273820,296548,193323,199858,116209,114295,185099,191117,185490,198147,244810,241977,193548,211528,253628,276475,317972,342239,225532,235085
2022.1,68601,73260,58643,62005,105303,113799,137075,144619,162844,175056,166113,171160,189869,196107,207584,223997,143000,151429,151811,160616,242826,262232,223764,245224,145287,159826,171062,193636,216133,225616,273644,296367,193834,200378,116062,114094,184845,191004,185098,197649,244980,242221,193465,211437,253570,276376,317743,342045,225303,235110
2022.11,68488,73162,58610,61935,105222,113723,136901,144469,162699,175014,166070,171171,189747,195891,207269,223778,142776,151208,151562,160491,242634,261975,223198,244653,145442,160099,170915,193459,216070,225480,273357,296099,194067,200744,115934,113956,184766,191019,184596,197108,244969,242069,193333,211371,253449,276249,317464,341917,225243,235015
2022.12,68395,72984,58563,61874,105087,113563,136633,144367,162541,174875,165755,170889,189537,195781,206961,223436,142567,151093,151398,160296,242145,261589,222592,244154,145816,160521,171043,193595,215682,225199,273203,295963,194274,201041,115786,113856,184660,191015,184030,196566,244748,242004,193159,211166,253072,276030,317180,341621,225221,234846
2023.01,68314,72909,58443,61874,104974,113438,136442,144265,162460,174798,165657,170758,189367,195730,206716,223251,142435,150878,151168,160092,241694,261141,222263,243974,146294,160983,171114,193824,215557,225074,272926,295879,194304,201157,115743,113756,184840,191301,183746,196233,244740,242123,193221,211373,252977,275922,317063,341541,225281,234860
2023.02,68399,73034,58557,61998,104860,113315,136361,144113,162329,174742,165962,171331,189306,195823,206753,223417,142254,150865,150964,159889,241743,261077,221790,243837,146671,161523,171284,194163,215195,224847,272826,295840,194182,201240,115635,113760,184956,191454,183606,196016,245125,242305,193397,211729,253498,276464,317024,341844,225280,235000
2023.03,68170,72890,58699,62264,104640,113116,136233,144007,162209,174592,165933,171641,189186,195817,206634,223466,142028,150734,150806,159703,241532,260983,221350,243521,146732,161705,171215,194355,214703,224516,272693,295594,194039,201144,115624,113683,184973,191641,183900,196301,245376,242439,193158,211673,254811,277987,316564,341442,225091,234891
2023.04,68079,72812,58806,62444,104580,113031,136059,143921,162071,174487,165936,171756,189099,195768,206367,223384,141837,150546,150535,159488,241168,260670,220904,243313,146684,161654,171058,194229,214455,224393,272404,295479,193938,201161,115578,113750,184827,191596,184072,196313,245231,242410,192932,211607,255637,279009,316356,341309,224899,234668
2023.05,67923,72678,58845,62501,104495,112943,135931,143829,162020,174560,165868,171812,189019,195631,206319,223370,141577,150382,150317,159305,240844,260393,220559,243053,146572,161636,170922,194361,214331,224310,272061,295176,193810,201163,115453,113798,184761,191586,184116,196478,245217,242245,192875,211561,256095,279649,316082,341178,224690,234585
2023.06,67834,72563,58857,62584,104357,112931,135723,143651,161755,174414,166040,172075,188744,195528,206043,223099,141302,150082,150001,158985,240221,259883,220342,242956,146570,161552,170813,194298,214173,224180,271822,295017,193729,201104,115396,113839,184615,191524,184103,196519,245081,242111,192850,211634,256737,280402,316010,341091,224491,234462
2023.07,67747,72459,58899,62561,104221,112821,135562,143580,161729,174412,166298,172359,188446,195241,205714,222793,141112,149913,149718,158729,240150,259944,220452,243250,146409,161461,170734,194244,213992,224133,271536,294797,193696,201050,115339,113747,184522,191475,184127,196435,244793,241840,192945,211786,257631,281241,315715,340888,224297,234317
2023.08,67682,72350,58840,62642,103993,112554,135346,143404,161828,174618,167083,173250,188091,194981,205537,222585,140828,149755,149408,158560,240063,259845,221459,244518,146292,161380,170455,194118,213802,223863,270918,294277,193517,200846,115190,113668,184189,191337,184062,196416,244539,241455,192847,211769,258464,282266,315487,340689,224100,234300
2023.09,67625,72320,58788,62617,103804,112348,135143,143223,161892,174712,167468,173770,187844,194953,205245,222426,140589,149566,149281,158459,240084,259905,221977,245121,146119,161322,170296,193961,213648,223753,270491,293848,193258,200671,115038,113573,184175,191411,183880,196274,244198,240974,193703,212701,258656,282301,315224,340520,224075,234310
2023.1,67466,72140,58720,62580,103398,111999,134979,143056,161662,174632,167569,173952,187618,194772,204851,222041,140185,149187,149132,158338,239787,259766,221903,245221,145820,161107,170141,193812,213482,223717,270136,293527,192957,200502,114845,113429,184010,191266,183620,196020,243673,240286,194384,213404,258897,282668,314985,340315,223930,234362
2023.11,67393,72104,58631,62599,102925,111456,134760,142941,161430,174424,167556,173954,187262,194596,204546,221730,139850,148885,148907,158163,239508,259468,221801,245167,145615,160979,170111,193751,213092,223383,270108,293467,192669,200298,114552,113149,183803,191117,183420,195766,242985,239707,194526,213572,258700,282430,314665,340180,224240,234584
2023.12,67306,72111,58659,62653,102312,110839,134519,142842,161277,174277,167346,173803,187372,194783,204171,221431,139514,148599,148796,158152,239117,259096,221725,245045,145404,160827,169990,193707,212835,223193,269822,293236,192341,200064,114414,113067,183726,191068,183153,195616,242651,239305,194291,213373,260520,284353,314347,339819,224423,234744
2024.01,67240,72138,58651,62671,101793,110382,134390,142700,161154,174181,167230,173753,187392,194892,203824,221092,139141,148349,148670,158052,238609,258628,221484,244990,145212,160645,169882,193797,212547,223001,269623,292927,192252,200059,114471,112986,183769,191216,182934,195426,242598,239274,194231,213537,262618,286536,314189,339800,224450,234939
2024.02,67266,72205,58711,62708,101262,109985,134278,142674,161022,174178,167462,174158,187319,195003,203753,221100,138846,148194,148545,157997,238504,258593,221201,244860,145181,160728,169828,193787,212392,222886,269286,292781,191937,199734,114348,112920,183591,191377,182915,195368,242703,239131,194232,213764,264695,288860,314043,339879,224986,235529
